alpha,n,k,dL,dU
0.05,6,1,0.6102,1.4001
0.05,7,1,0.6995,1.3563
0.05,7,2,0.4672,1.8964
0.05,8,1,0.7629,1.3324
0.05,8,2,0.5591,1.7771
0.05,8,3,0.3674,2.2866
0.05,9,1,0.8243,1.3199
0.05,9,2,0.6291,1.6993
0.05,9,3,0.4548,2.1282
0.05,9,4,0.2957,2.5881
0.05,10,1,0.8791,1.3197
0.05,10,2,0.6972,1.6413
0.05,10,3,0.5253,2.0163
0.05,10,4,0.3760,2.4136
0.05,10,5,0.2427,2.8217
0.05,11,1,0.9273,1.3241
0.05,11,2,0.7580,1.6044
0.05,11,3,0.5948,1.9280
0.05,11,4,0.4441,2.2833
0.05,11,5,0.3155,2.6446
0.05,11,6,0.2025,3.0045
0.05,12,1,0.9708,1.3314
0.05,12,2,0.8122,1.5794
0.05,12,3,0.6576,1.8640
0.05,12,4,0.5120,2.1766
0.05,12,5,0.3796,2.5061
0.05,12,6,0.2681,2.8320
0.05,12,7,0.1714,3.1494
0.05,13,1,1.0097,1.3404
0.05,13,2,0.8612,1.5621
0.05,13,3,0.7147,1.8159
0.05,13,4,0.5745,2.0943
0.05,13,5,0.4445,2.3897
0.05,13,6,0.3277,2.6920
0.05,13,7,0.2305,2.9851
0.05,13,8,0.1469,3.2658
0.05,14,1,1.0450,1.3503
0.05,14,2,0.9054,1.5507
0.05,14,3,0.7667,1.7788
0.05,14,4,0.6321,2.0296
0.05,14,5,0.5052,2.2959
0.05,14,6,0.3890,2.5716
0.05,14,7,0.2856,2.8477
0.05,14,8,0.2001,3.1112
0.05,14,9,0.1273,3.3604
0.05,15,1,1.0770,1.3605
0.05,15,2,0.9455,1.5432
0.05,15,3,0.8140,1.7501
0.05,15,4,0.6852,1.9773
0.05,15,5,0.5620,2.2198
0.05,15,6,0.4471,2.4715
0.05,15,7,0.3429,2.7270
0.05,15,8,0.2509,2.9787
0.05,15,9,0.1753,3.2160
0.05,15,10,0.1113,3.4382
0.05,16,1,1.1062,1.3709
0.05,16,2,0.9820,1.5386
0.05,16,3,0.8572,1.7277
0.05,16,4,0.7340,1.9351
0.05,16,5,0.6150,2.1567
0.05,16,6,0.5022,2.3881
0.05,16,7,0.3981,2.6241
0.05,16,8,0.3043,2.8601
0.05,16,9,0.2221,3.0895
0.05,16,10,0.1548,3.3039
0.05,17,1,1.1329,1.3812
0.05,17,2,1.0154,1.5361
0.05,17,3,0.8968,1.7101
0.05,17,4,0.7790,1.9005
0.05,17,5,0.6641,2.1041
0.05,17,6,0.5542,2.3175
0.05,17,7,0.4511,2.5366
0.05,17,8,0.3564,2.7569
0.05,17,9,0.2718,2.9746
0.05,17,10,0.1978,3.1840
0.05,18,1,1.1576,1.3913
0.05,18,2,1.0461,1.5353
0.05,18,3,0.9331,1.6961
0.05,18,4,0.8204,1.8719
0.05,18,5,0.7098,2.0600
0.05,18,6,0.6030,2.2575
0.05,18,7,0.5016,2.4612
0.05,18,8,0.4070,2.6675
0.05,18,9,0.3208,2.8727
0.05,18,10,0.2441,3.0735
0.05,19,1,1.1804,1.4012
0.05,19,2,1.0743,1.5355
0.05,19,3,0.9666,1.6851
0.05,19,4,0.8588,1.8481
0.05,19,5,0.7523,2.0226
0.05,19,6,0.6487,2.2061
0.05,19,7,0.5494,2.3960
0.05,19,8,0.4557,2.5894
0.05,19,9,0.3689,2.7831
0.05,19,10,0.2901,2.9740
0.05,20,1,1.2015,1.4107
0.05,20,2,1.1004,1.5367
0.05,20,3,0.9976,1.6763
0.05,20,4,0.8942,1.8283
0.05,20,5,0.7918,1.9908
0.05,20,6,0.6915,2.1619
0.05,20,7,0.5945,2.3394
0.05,20,8,0.5022,2.5208
0.05,20,9,0.4156,2.7037
0.05,20,10,0.3357,2.8853
0.05,21,1,1.2212,1.4200
0.05,21,2,1.1246,1.5385
0.05,21,3,1.0262,1.6694
0.05,21,4,0.9272,1.8116
0.05,21,5,0.8286,1.9635
0.05,21,6,0.7315,2.1235
0.05,21,7,0.6371,2.2899
0.05,21,8,0.5464,2.4605
0.05,21,9,0.4605,2.6332
0.05,21,10,0.3803,2.8059
0.05,22,1,1.2395,1.4289
0.05,22,2,1.1471,1.5408
0.05,22,3,1.0529,1.6640
0.05,22,4,0.9578,1.7974
0.05,22,5,0.8628,1.9400
0.05,22,6,0.7690,2.0902
0.05,22,7,0.6772,2.2465
0.05,22,8,0.5884,2.4072
0.05,22,9,0.5036,2.5705
0.05,22,10,0.4236,2.7345
0.05,23,1,1.2567,1.4375
0.05,23,2,1.1681,1.5435
0.05,23,3,1.0778,1.6597
0.05,23,4,0.9864,1.7855
0.05,23,5,0.8949,1.9196
0.05,23,6,0.8041,2.0609
0.05,23,7,0.7149,2.2082
0.05,23,8,0.6282,2.3599
0.05,23,9,0.5448,2.5145
0.05,23,10,0.4654,2.6704
0.05,24,1,1.2728,1.4457
0.05,24,2,1.1878,1.5464
0.05,24,3,1.1010,1.6565
0.05,24,4,1.0131,1.7753
0.05,24,5,0.9249,1.9018
0.05,24,6,0.8371,2.0352
0.05,24,7,0.7505,2.1743
0.05,24,8,0.6659,2.3177
0.05,24,9,0.5840,2.4643
0.05,24,10,0.5055,2.6126
0.05,25,1,1.2879,1.4537
0.05,25,2,1.2063,1.5495
0.05,25,3,1.1228,1.6540
0.05,25,4,1.0381,1.7666
0.05,25,5,0.9530,1.8863
0.05,25,6,0.8680,2.0125
0.05,25,7,0.7840,2.1441
0.05,25,8,0.7015,2.2801
0.05,25,9,0.6213,2.4192
0.05,25,10,0.5440,2.5604
0.05,26,1,1.3022,1.4614
0.05,26,2,1.2236,1.5528
0.05,26,3,1.1432,1.6522
0.05,26,4,1.0616,1.7591
0.05,26,5,0.9794,1.8727
0.05,26,6,0.8972,1.9924
0.05,26,7,0.8156,2.1172
0.05,26,8,0.7353,2.2463
0.05,26,9,0.6568,2.3786
0.05,26,10,0.5808,2.5131
0.05,27,1,1.3157,1.4688
0.05,27,2,1.2399,1.5562
0.05,27,3,1.1624,1.6510
0.05,27,4,1.0836,1.7527
0.05,27,5,1.0042,1.8608
0.05,27,6,0.9246,1.9745
0.05,27,7,0.8455,2.0931
0.05,27,8,0.7673,2.2159
0.05,27,9,0.6906,2.3419
0.05,27,10,0.6159,2.4703
0.05,28,1,1.3284,1.4759
0.05,28,2,1.2553,1.5596
0.05,28,3,1.1805,1.6502
0.05,28,4,1.1044,1.7473
0.05,28,5,1.0276,1.8502
0.05,28,6,0.9505,1.9585
0.05,28,7,0.8737,2.0715
0.05,28,8,0.7975,2.1884
0.05,28,9,0.7226,2.3086
0.05,28,10,0.6495,2.4312
0.05,29,1,1.3405,1.4828
0.05,29,2,1.2699,1.5631
0.05,29,3,1.1976,1.6499
0.05,29,4,1.1241,1.7426
0.05,29,5,1.0497,1.8409
0.05,29,6,0.9750,1.9442
0.05,29,7,0.9004,2.0520
0.05,29,8,0.8263,2.1636
0.05,29,9,0.7532,2.2784
0.05,29,10,0.6815,2.3956
0.05,30,1,1.3520,1.4894
0.05,30,2,1.2837,1.5666
0.05,30,3,1.2138,1.6498
0.05,30,4,1.1426,1.7386
0.05,30,5,1.0706,1.8326
0.05,30,6,0.9981,1.9313
0.05,30,7,0.9256,2.0343
0.05,30,8,0.8535,2.1410
0.05,30,9,0.7822,2.2508
0.05,30,10,0.7120,2.3631
0.05,31,1,1.3630,1.4957
0.05,31,2,1.2969,1.5701
0.05,31,3,1.2291,1.6500
0.05,31,4,1.1602,1.7352
0.05,31,5,1.0904,1.8252
0.05,31,6,1.0201,1.9198
0.05,31,7,0.9496,2.0183
0.05,31,8,0.8794,2.1205
0.05,31,9,0.8098,2.2256
0.05,31,10,0.7412,2.3332
0.05,32,1,1.3734,1.5019
0.05,32,2,1.3093,1.5736
0.05,32,3,1.2437,1.6505
0.05,32,4,1.1769,1.7323
0.05,32,5,1.1092,1.8187
0.05,32,6,1.0409,1.9093
0.05,32,7,0.9724,2.0038
0.05,32,8,0.9040,2.1017
0.05,32,9,0.8361,2.2025
0.05,32,10,0.7690,2.3058
0.05,33,1,1.3833,1.5078
0.05,33,2,1.3212,1.5770
0.05,33,3,1.2576,1.6511
0.05,33,4,1.1927,1.7298
0.05,33,5,1.1270,1.8128
0.05,33,6,1.0606,1.8999
0.05,33,7,0.9940,1.9906
0.05,33,8,0.9274,2.0845
0.05,33,9,0.8612,2.1814
0.05,33,10,0.7955,2.2806
0.05,34,1,1.3928,1.5136
0.05,34,2,1.3325,1.5804
0.05,34,3,1.2707,1.6519
0.05,34,4,1.2078,1.7277
0.05,34,5,1.1439,1.8076
0.05,34,6,1.0794,1.8913
0.05,34,7,1.0146,1.9785
0.05,34,8,0.9497,2.0688
0.05,34,9,0.8851,2.1619
0.05,34,10,0.8209,2.2573
0.05,35,1,1.4019,1.5191
0.05,35,2,1.3433,1.5838
0.05,35,3,1.2833,1.6528
0.05,35,4,1.2221,1.7259
0.05,35,5,1.1601,1.8029
0.05,35,6,1.0973,1.8835
0.05,35,7,1.0342,1.9674
0.05,35,8,0.9710,2.0544
0.05,35,9,0.9079,2.1439
0.05,35,10,0.8452,2.2358
0.05,36,1,1.4106,1.5245
0.05,36,2,1.3537,1.5872
0.05,36,3,1.2953,1.6539
0.05,36,4,1.2358,1.7245
0.05,36,5,1.1755,1.7987
0.05,36,6,1.1144,1.8764
0.05,36,7,1.0529,1.9573
0.05,36,8,0.9913,2.0410
0.05,36,9,0.9297,2.1274
0.05,36,10,0.8684,2.2159
0.05,37,1,1.4190,1.5297
0.05,37,2,1.3635,1.5904
0.05,37,3,1.3068,1.6550
0.05,37,4,1.2489,1.7233
0.05,37,5,1.1901,1.7950
0.05,37,6,1.1307,1.8700
0.05,37,7,1.0708,1.9480
0.05,37,8,1.0107,2.0288
0.05,37,9,0.9505,2.1120
0.05,37,10,0.8906,2.1975
0.05,38,1,1.4270,1.5347
0.05,38,2,1.3730,1.5937
0.05,38,3,1.3177,1.6562
0.05,38,4,1.2614,1.7223
0.05,38,5,1.2042,1.7916
0.05,38,6,1.1463,1.8641
0.05,38,7,1.0879,1.9394
0.05,38,8,1.0292,2.0174
0.05,38,9,0.9704,2.0978
0.05,38,10,0.9118,2.1803
0.05,39,1,1.4347,1.5396
0.05,39,2,1.3821,1.5969
0.05,39,3,1.3283,1.6575
0.05,39,4,1.2734,1.7215
0.05,39,5,1.2176,1.7886
0.05,39,6,1.1612,1.8587
0.05,39,7,1.1042,1.9315
0.05,39,8,1.0469,2.0069
0.05,39,9,0.9895,2.0846
0.05,39,10,0.9322,2.1644
0.05,40,1,1.4421,1.5444
0.05,40,2,1.3908,1.6000
0.05,40,3,1.3384,1.6589
0.05,40,4,1.2848,1.7209
0.05,40,5,1.2305,1.7859
0.05,40,6,1.1754,1.8538
0.05,40,7,1.1198,1.9243
0.05,40,8,1.0639,1.9972
0.05,40,9,1.0078,2.0723
0.05,40,10,0.9517,2.1495
0.05,45,1,1.4754,1.5660
0.05,45,2,1.4298,1.6148
0.05,45,3,1.3832,1.6662
0.05,45,4,1.3357,1.7200
0.05,45,5,1.2874,1.7762
0.05,45,6,1.2385,1.8346
0.05,45,7,1.1890,1.8952
0.05,45,8,1.1391,1.9578
0.05,45,9,1.0889,2.0222
0.05,45,10,1.0385,2.0884
0.05,50,1,1.5035,1.5849
0.05,50,2,1.4625,1.6283
0.05,50,3,1.4206,1.6738
0.05,50,4,1.3779,1.7213
0.05,50,5,1.3346,1.7708
0.05,50,6,1.2906,1.8220
0.05,50,7,1.2461,1.8750
0.05,50,8,1.2011,1.9297
0.05,50,9,1.1558,1.9860
0.05,50,10,1.1102,2.0437
0.05,55,1,1.5276,1.6014
0.05,55,2,1.4903,1.6406
0.05,55,3,1.4523,1.6815
0.05,55,4,1.4136,1.7240
0.05,55,5,1.3743,1.7681
0.05,55,6,1.3344,1.8137
0.05,55,7,1.2940,1.8607
0.05,55,8,1.2532,1.9092
0.05,55,9,1.2120,1.9590
0.05,55,10,1.1705,2.0101
0.05,60,1,1.5485,1.6162
0.05,60,2,1.5144,1.6518
0.05,60,3,1.4796,1.6889
0.05,60,4,1.4443,1.7273
0.05,60,5,1.4083,1.7671
0.05,60,6,1.3719,1.8082
0.05,60,7,1.3349,1.8505
0.05,60,8,1.2976,1.8939
0.05,60,9,1.2599,1.9386
0.05,60,10,1.2218,1.9843
0.05,65,1,1.5670,1.6294
0.05,65,2,1.5355,1.6621
0.05,65,3,1.5035,1.6960
0.05,65,4,1.4709,1.7311
0.05,65,5,1.4378,1.7673
0.05,65,6,1.4043,1.8046
0.05,65,7,1.3703,1.8430
0.05,65,8,1.3359,1.8824
0.05,65,9,1.3012,1.9228
0.05,65,10,1.2661,1.9641
0.05,70,1,1.5834,1.6413
0.05,70,2,1.5542,1.6715
0.05,70,3,1.5245,1.7028
0.05,70,4,1.4943,1.7350
0.05,70,5,1.4637,1.7683
0.05,70,6,1.4326,1.8024
0.05,70,7,1.4012,1.8375
0.05,70,8,1.3693,1.8735
0.05,70,9,1.3372,1.9104
0.05,70,10,1.3047,1.9480
0.05,75,1,1.5981,1.6521
0.05,75,2,1.5709,1.6802
0.05,75,3,1.5432,1.7092
0.05,75,4,1.5151,1.7390
0.05,75,5,1.4866,1.7697
0.05,75,6,1.4577,1.8013
0.05,75,7,1.4284,1.8336
0.05,75,8,1.3988,1.8667
0.05,75,9,1.3688,1.9006
0.05,75,10,1.3386,1.9352
0.05,80,1,1.6114,1.6620
0.05,80,2,1.5859,1.6882
0.05,80,3,1.5600,1.7153
0.05,80,4,1.5337,1.7430
0.05,80,5,1.5070,1.7716
0.05,80,6,1.4800,1.8008
0.05,80,7,1.4526,1.8308
0.05,80,8,1.4249,1.8614
0.05,80,9,1.3970,1.8927
0.05,80,10,1.3687,1.9247
0.05,85,1,1.6235,1.6710
0.05,85,2,1.5995,1.6957
0.05,85,3,1.5752,1.7210
0.05,85,4,1.5505,1.7470
0.05,85,5,1.5254,1.7736
0.05,85,6,1.5000,1.8009
0.05,85,7,1.4743,1.8288
0.05,85,8,1.4484,1.8573
0.05,85,9,1.4221,1.8864
0.05,85,10,1.3956,1.9161
0.05,90,1,1.6345,1.6794
0.05,90,2,1.6119,1.7026
0.05,90,3,1.5889,1.7264
0.05,90,4,1.5656,1.7508
0.05,90,5,1.5420,1.7758
0.05,90,6,1.5181,1.8013
0.05,90,7,1.4939,1.8275
0.05,90,8,1.4695,1.8541
0.05,90,9,1.4448,1.8813
0.05,90,10,1.4198,1.9090
0.05,95,1,1.6447,1.6872
0.05,95,2,1.6233,1.7091
0.05,95,3,1.6015,1.7316
0.05,95,4,1.5795,1.7546
0.05,95,5,1.5572,1.7781
0.05,95,6,1.5346,1.8021
0.05,95,7,1.5117,1.8266
0.05,95,8,1.4886,1.8516
0.05,95,9,1.4653,1.8771
0.05,95,10,1.4417,1.9031
0.05,100,1,1.6540,1.6944
0.05,100,2,1.6337,1.7152
0.05,100,3,1.6131,1.7364
0.05,100,4,1.5922,1.7582
0.05,100,5,1.5710,1.7804
0.05,100,6,1.5496,1.8031
0.05,100,7,1.5279,1.8262
0.05,100,8,1.5060,1.8498
0.05,100,9,1.4839,1.8738
0.05,100,10,1.4616,1.8982
0.05,150,1,1.7197,1.7465
0.05,150,2,1.7062,1.7602
0.05,150,3,1.6925,1.7741
0.05,150,4,1.6788,1.7881
0.05,150,5,1.6649,1.8024
0.05,150,6,1.6508,1.8169
0.05,150,7,1.6367,1.8316
0.05,150,8,1.6224,1.8465
0.05,150,9,1.6080,1.8616
0.05,150,10,1.5935,1.8768
0.05,161,1,1.7298,1.7548
0.05,161,2,1.7172,1.7675
0.05,161,3,1.7045,1.7804
0.05,161,4,1.6917,1.7934
0.05,161,5,1.6788,1.8067
0.05,161,6,1.6657,1.8201
0.05,161,7,1.6526,1.8337
0.05,161,8,1.6393,1.8474
0.05,161,9,1.6259,1.8614
0.05,161,10,1.6125,1.8755
0.05,163,1,1.7315,1.7562
0.05,163,2,1.7191,1.7687
0.05,163,3,1.7065,1.7814
0.05,163,4,1.6939,1.7943
0.05,163,5,1.6811,1.8074
0.05,163,6,1.6683,1.8207
0.05,163,7,1.6553,1.8341
0.05,163,8,1.6422,1.8476
0.05,163,9,1.6290,1.8614
0.05,163,10,1.6157,1.8753
0.05,187,1,1.7499,1.7714
0.05,187,2,1.7391,1.7823
0.05,187,3,1.7282,1.7933
0.05,187,4,1.7172,1.8045
0.05,187,5,1.7061,1.8158
0.05,187,6,1.6950,1.8272
0.05,187,7,1.6837,1.8388
0.05,187,8,1.6724,1.8505
0.05,187,9,1.6609,1.8623
0.05,187,10,1.6494,1.8742
0.05,199,1,1.7578,1.7780
0.05,199,2,1.7477,1.7882
0.05,199,3,1.7374,1.7986
0.05,199,4,1.7271,1.8090
0.05,199,5,1.7167,1.8196
0.05,199,6,1.7062,1.8303
0.05,199,7,1.6957,1.8411
0.05,199,8,1.6851,1.8520
0.05,199,9,1.6744,1.8631
0.05,199,10,1.6636,1.8742
0.05,200,1,1.7584,1.7785
0.05,200,2,1.7483,1.7887
0.05,200,3,1.7382,1.7990
0.05,200,4,1.7279,1.8094
0.05,200,5,1.7175,1.8199
0.05,200,6,1.7071,1.8306
0.05,200,7,1.6966,1.8413
0.05,200,8,1.6861,1.8522
0.05,200,9,1.6754,1.8632
0.05,200,10,1.6647,1.8742
0.05,250,1,1.7847,1.8008
0.05,250,2,1.7766,1.8089
0.05,250,3,1.7685,1.8171
0.05,250,4,1.7603,1.8253
0.05,250,5,1.7521,1.8336
0.05,250,6,1.7438,1.8420
0.05,250,7,1.7355,1.8505
0.05,250,8,1.7271,1.8591
0.05,250,9,1.7187,1.8677
0.05,250,10,1.7102,1.8764
0.05,300,1,1.8040,1.8173
0.05,300,2,1.7973,1.8241
0.05,300,3,1.7905,1.8309
0.05,300,4,1.7837,1.8377
0.05,300,5,1.7769,1.8446
0.05,300,6,1.7700,1.8516
0.05,300,7,1.7631,1.8586
0.05,300,8,1.7562,1.8656
0.05,300,9,1.7492,1.8727
0.05,300,10,1.7422,1.8798
0.05,400,1,1.8309,1.8409
0.05,400,2,1.8259,1.8460
0.05,400,3,1.8208,1.8510
0.05,400,4,1.8157,1.8561
0.05,400,5,1.8106,1.8612
0.05,400,6,1.8055,1.8664
0.05,400,7,1.8004,1.8716
0.05,400,8,1.7952,1.8768
0.05,400,9,1.7901,1.8820
0.05,400,10,1.7849,1.8873
0.05,490,1,1.8476,1.8558
0.05,490,2,1.8435,1.8599
0.05,490,3,1.8394,1.8640
0.05,490,4,1.8352,1.8681
0.05,490,5,1.8311,1.8723
0.05,490,6,1.8269,1.8765
0.05,490,7,1.8228,1.8807
0.05,490,8,1.8186,1.8849
0.05,490,9,1.8144,1.8891
0.05,490,10,1.8101,1.8934
0.05,500,1,1.8491,1.8572
0.05,500,2,1.8451,1.8612
0.05,500,3,1.8411,1.8652
0.05,500,4,1.8370,1.8693
0.05,500,5,1.8330,1.8734
0.05,500,6,1.8289,1.8775
0.05,500,7,1.8248,1.8816
0.05,500,8,1.8207,1.8857
0.05,500,9,1.8166,1.8899
0.05,500,10,1.8125,1.8940
0.05,750,1,1.8774,1.8827
0.05,750,2,1.8747,1.8854
0.05,750,3,1.8720,1.8881
0.05,750,4,1.8693,1.8908
0.05,750,5,1.8666,1.8935
0.05,750,6,1.8639,1.8962
0.05,750,7,1.8612,1.8989
0.05,750,8,1.8585,1.9016
0.05,750,9,1.8558,1.9043
0.05,750,10,1.8530,1.9071
0.05,1000,1,1.8941,1.8981
0.05,1000,2,1.8921,1.9001
0.05,1000,3,1.8901,1.9021
0.05,1000,4,1.8880,1.9041
0.05,1000,5,1.8860,1.9061
0.05,1000,6,1.8840,1.9081
0.05,1000,7,1.8820,1.9102
0.05,1000,8,1.8800,1.9122
0.05,1000,9,1.8779,1.9142
0.05,1000,10,1.8759,1.9163
0.01,6,1,0.3899,1.1421
0.01,7,1,0.4353,1.0361
0.01,7,2,0.2941,1.6761
0.01,8,1,0.4973,1.0030
0.01,8,2,0.3452,1.4887
0.01,8,3,0.2290,2.1017
0.01,9,1,0.5538,0.9980
0.01,9,2,0.4082,1.3886
0.01,9,3,0.2794,1.8752
0.01,9,4,0.1831,2.4327
0.01,10,1,0.6045,1.0007
0.01,10,2,0.4657,1.3325
0.01,10,3,0.3397,1.7334
0.01,10,4,0.2303,2.1935
0.01,10,5,0.1496,2.6903
0.01,11,1,0.6528,1.0098
0.01,11,2,0.5188,1.2967
0.01,11,3,0.3956,1.6405
0.01,11,4,0.2864,2.0294
0.01,11,5,0.1928,2.4529
0.01,11,6,0.1244,2.8924
0.01,12,1,0.6973,1.0231
0.01,12,2,0.5694,1.2737
0.01,12,3,0.4486,1.5746
0.01,12,4,0.3395,1.9130
0.01,12,5,0.2444,2.2796
0.01,12,6,0.1636,2.6646
0.01,12,7,0.1051,3.0530
0.01,13,1,0.7382,1.0381
0.01,13,2,0.6162,1.2607
0.01,13,3,0.4994,1.5256
0.01,13,4,0.3907,1.8257
0.01,13,5,0.2940,2.1498
0.01,13,6,0.2107,2.4901
0.01,13,7,0.1404,2.8381
0.01,13,8,0.0899,3.1821
0.01,14,1,0.7761,1.0540
0.01,14,2,0.6596,1.2541
0.01,14,3,0.5469,1.4901
0.01,14,4,0.4405,1.7573
0.01,14,5,0.3429,2.0486
0.01,14,6,0.2567,2.3539
0.01,14,7,0.1834,2.6672
0.01,14,8,0.1218,2.9815
0.01,14,9,0.0777,3.2872
0.01,15,1,0.8111,1.0702
0.01,15,2,0.6999,1.2517
0.01,15,3,0.5913,1.4644
0.01,15,4,0.4875,1.7043
0.01,15,5,0.3908,1.9665
0.01,15,6,0.3029,2.2444
0.01,15,7,0.2260,2.5295
0.01,15,8,0.1609,2.8170
0.01,15,9,0.1066,3.1009
0.01,15,10,0.0679,3.3737
0.01,16,1,0.8435,1.0863
0.01,16,2,0.7373,1.2524
0.01,16,3,0.6328,1.4456
0.01,16,4,0.5320,1.6629
0.01,16,5,0.4367,1.9003
0.01,16,6,0.3487,2.1534
0.01,16,7,0.2693,2.4159
0.01,16,8,0.2003,2.6808
0.01,16,9,0.1423,2.9441
0.01,16,10,0.0941,3.2012
0.01,17,1,0.8736,1.1021
0.01,17,2,0.7721,1.2551
0.01,17,3,0.6716,1.4319
0.01,17,4,0.5738,1.6302
0.01,17,5,0.4804,1.8468
0.01,17,6,0.3929,2.0779
0.01,17,7,0.3127,2.3195
0.01,17,8,0.2408,2.5659
0.01,17,9,0.1787,2.8114
0.01,17,10,0.1267,3.0528
0.01,18,1,0.9017,1.1175
0.01,18,2,0.8045,1.2593
0.01,18,3,0.7078,1.4222
0.01,18,4,0.6131,1.6042
0.01,18,5,0.5219,1.8030
0.01,18,6,0.4354,2.0153
0.01,18,7,0.3550,2.2378
0.01,18,8,0.2818,2.4668
0.01,18,9,0.2165,2.6974
0.01,18,10,0.1603,2.9247
0.01,19,1,0.9279,1.1324
0.01,19,2,0.8347,1.2645
0.01,19,3,0.7417,1.4154
0.01,19,4,0.6501,1.5835
0.01,19,5,0.5612,1.7668
0.01,19,6,0.4762,1.9628
0.01,19,7,0.3962,2.1687
0.01,19,8,0.3222,2.3813
0.01,19,9,0.2552,2.5975
0.01,19,10,0.1957,2.8128
0.01,20,1,0.9524,1.1468
0.01,20,2,0.8630,1.2705
0.01,20,3,0.7734,1.4109
0.01,20,4,0.6848,1.5669
0.01,20,5,0.5983,1.7367
0.01,20,6,0.5150,1.9184
0.01,20,7,0.4358,2.1096
0.01,20,8,0.3617,2.3078
0.01,20,9,0.2935,2.5100
0.01,20,10,0.2320,2.7135
0.01,21,1,0.9755,1.1606
0.01,21,2,0.8895,1.2769
0.01,21,3,0.8032,1.4082
0.01,21,4,0.7175,1.5536
0.01,21,5,0.6334,1.7116
0.01,21,6,0.5519,1.8807
0.01,21,7,0.4738,2.0589
0.01,21,8,0.4001,2.2440
0.01,21,9,0.3313,2.4336
0.01,21,10,0.2684,2.6254
0.01,22,1,0.9971,1.1739
0.01,22,2,0.9144,1.2836
0.01,22,3,0.8312,1.4069
0.01,22,4,0.7483,1.5430
0.01,22,5,0.6666,1.6906
0.01,22,6,0.5870,1.8485
0.01,22,7,0.5103,2.0151
0.01,22,8,0.4371,2.1884
0.01,22,9,0.3683,2.3666
0.01,22,10,0.3045,2.5476
0.01,23,1,1.0175,1.1867
0.01,23,2,0.9378,1.2905
0.01,23,3,0.8575,1.4067
0.01,23,4,0.7773,1.5345
0.01,23,5,0.6980,1.6729
0.01,23,6,0.6204,1.8209
0.01,23,7,0.5451,1.9770
0.01,23,8,0.4728,2.1398
0.01,23,9,0.4043,2.3076
0.01,23,10,0.3401,2.4785
0.01,24,1,1.0368,1.1990
0.01,24,2,0.9599,1.2975
0.01,24,3,0.8824,1.4073
0.01,24,4,0.8047,1.5278
0.01,24,5,0.7277,1.6580
0.01,24,6,0.6520,1.7971
0.01,24,7,0.5783,1.9439
0.01,24,8,0.5071,2.0971
0.01,24,9,0.4391,2.2553
0.01,24,10,0.3748,2.4170
0.01,25,1,1.0550,1.2108
0.01,25,2,0.9808,1.3046
0.01,25,3,0.9058,1.4086
0.01,25,4,0.8306,1.5225
0.01,25,5,0.7559,1.6454
0.01,25,6,0.6821,1.7765
0.01,25,7,0.6100,1.9149
0.01,25,8,0.5400,2.0595
0.01,25,9,0.4727,2.2089
0.01,25,10,0.4087,2.3620
0.01,26,1,1.0722,1.2222
0.01,26,2,1.0006,1.3116
0.01,26,3,0.9280,1.4105
0.01,26,4,0.8552,1.5184
0.01,26,5,0.7825,1.6347
0.01,26,6,0.7107,1.7587
0.01,26,7,0.6402,1.8895
0.01,26,8,0.5714,2.0261
0.01,26,9,0.5050,2.1676
0.01,26,10,0.4415,2.3129
0.01,27,1,1.0886,1.2331
0.01,27,2,1.0193,1.3186
0.01,27,3,0.9491,1.4128
0.01,27,4,0.8784,1.5153
0.01,27,5,0.8079,1.6256
0.01,27,6,0.7379,1.7431
0.01,27,7,0.6690,1.8670
0.01,27,8,0.6016,1.9965
0.01,27,9,0.5362,2.1307
0.01,27,10,0.4732,2.2687
0.01,28,1,1.1042,1.2436
0.01,28,2,1.0371,1.3255
0.01,28,3,0.9690,1.4154
0.01,28,4,0.9005,1.5131
0.01,28,5,0.8319,1.6180
0.01,28,6,0.7637,1.7295
0.01,28,7,0.6964,1.8472
0.01,28,8,0.6304,1.9701
0.01,28,9,0.5660,2.0977
0.01,28,10,0.5038,2.2289
0.01,29,1,1.1191,1.2537
0.01,29,2,1.0540,1.3323
0.01,29,3,0.9880,1.4183
0.01,29,4,0.9214,1.5115
0.01,29,5,0.8548,1.6114
0.01,29,6,0.7884,1.7176
0.01,29,7,0.7226,1.8296
0.01,29,8,0.6580,1.9466
0.01,29,9,0.5947,2.0679
0.01,29,10,0.5333,2.1930
0.01,30,1,1.1332,1.2634
0.01,30,2,1.0701,1.3389
0.01,30,3,1.0060,1.4214
0.01,30,4,0.9414,1.5105
0.01,30,5,0.8766,1.6059
0.01,30,6,0.8119,1.7072
0.01,30,7,0.7477,1.8139
0.01,30,8,0.6844,1.9254
0.01,30,9,0.6223,2.0412
0.01,30,10,0.5618,2.1605
0.01,31,1,1.1467,1.2728
0.01,31,2,1.0854,1.3455
0.01,31,3,1.0232,1.4247
0.01,31,4,0.9604,1.5100
0.01,31,5,0.8973,1.6013
0.01,31,6,0.8343,1.6981
0.01,31,7,0.7716,1.7999
0.01,31,8,0.7096,1.9064
0.01,31,9,0.6487,2.0169
0.01,31,10,0.5892,2.1309
0.01,32,1,1.1596,1.2818
0.01,32,2,1.1001,1.3519
0.01,32,3,1.0396,1.4280
0.01,32,4,0.9785,1.5100
0.01,32,5,0.9171,1.5974
0.01,32,6,0.8556,1.6900
0.01,32,7,0.7945,1.7875
0.01,32,8,0.7338,1.8893
0.01,32,9,0.6741,1.9950
0.01,32,10,0.6155,2.1041
0.01,33,1,1.1720,1.2906
0.01,33,2,1.1141,1.3582
0.01,33,3,1.0553,1.4315
0.01,33,4,0.9959,1.5102
0.01,33,5,0.9360,1.5942
0.01,33,6,0.8761,1.6830
0.01,33,7,0.8163,1.7763
0.01,33,8,0.7570,1.8738
0.01,33,9,0.6984,1.9751
0.01,33,10,0.6409,2.0796
0.01,34,1,1.1839,1.2990
0.01,34,2,1.1276,1.3644
0.01,34,3,1.0703,1.4350
0.01,34,4,1.0124,1.5108
0.01,34,5,0.9541,1.5915
0.01,34,6,0.8956,1.6767
0.01,34,7,0.8373,1.7663
0.01,34,8,0.7792,1.8598
0.01,34,9,0.7218,1.9569
0.01,34,10,0.6653,2.0572
0.01,35,1,1.1953,1.3071
0.01,35,2,1.1404,1.3704
0.01,35,3,1.0847,1.4386
0.01,35,4,1.0283,1.5116
0.01,35,5,0.9714,1.5893
0.01,35,6,0.9144,1.6713
0.01,35,7,0.8573,1.7573
0.01,35,8,0.8006,1.8471
0.01,35,9,0.7443,1.9404
0.01,35,10,0.6888,2.0367
0.01,36,1,1.2062,1.3150
0.01,36,2,1.1528,1.3763
0.01,36,3,1.0985,1.4422
0.01,36,4,1.0435,1.5127
0.01,36,5,0.9880,1.5875
0.01,36,6,0.9323,1.6664
0.01,36,7,0.8766,1.7492
0.01,36,8,0.8210,1.8356
0.01,36,9,0.7659,1.9253
0.01,36,10,0.7114,2.0179
0.01,37,1,1.2167,1.3226
0.01,37,2,1.1646,1.3820
0.01,37,3,1.1117,1.4458
0.01,37,4,1.0580,1.5139
0.01,37,5,1.0039,1.5861
0.01,37,6,0.9495,1.6622
0.01,37,7,0.8950,1.7419
0.01,37,8,0.8407,1.8251
0.01,37,9,0.7866,1.9115
0.01,37,10,0.7331,2.0006
0.01,38,1,1.2268,1.3300
0.01,38,2,1.1760,1.3876
0.01,38,3,1.1244,1.4495
0.01,38,4,1.0720,1.5153
0.01,38,5,1.0192,1.5850
0.01,38,6,0.9660,1.6585
0.01,38,7,0.9128,1.7354
0.01,38,8,0.8596,1.8156
0.01,38,9,0.8066,1.8988
0.01,38,10,0.7541,1.9847
0.01,39,1,1.2366,1.3371
0.01,39,2,1.1870,1.3931
0.01,39,3,1.1365,1.4531
0.01,39,4,1.0855,1.5168
0.01,39,5,1.0338,1.5842
0.01,39,6,0.9819,1.6552
0.01,39,7,0.9298,1.7295
0.01,39,8,0.8777,1.8068
0.01,39,9,0.8258,1.8871
0.01,39,10,0.7743,1.9700
0.01,40,1,1.2459,1.3440
0.01,40,2,1.1975,1.3985
0.01,40,3,1.1483,1.4566
0.01,40,4,1.0984,1.5184
0.01,40,5,1.0479,1.5837
0.01,40,6,0.9972,1.6523
0.01,40,7,0.9462,1.7241
0.01,40,8,0.8952,1.7989
0.01,40,9,0.8443,1.8764
0.01,40,10,0.7937,1.9565
0.01,45,1,1.2883,1.3757
0.01,45,2,1.2450,1.4235
0.01,45,3,1.2009,1.4742
0.01,45,4,1.1563,1.5277
0.01,45,5,1.1111,1.5839
0.01,45,6,1.0654,1.6428
0.01,45,7,1.0195,1.7042
0.01,45,8,0.9735,1.7680
0.01,45,9,0.9273,1.8340
0.01,45,10,0.8812,1.9022
0.01,50,1,1.3244,1.4031
0.01,50,2,1.2852,1.4457
0.01,50,3,1.2454,1.4907
0.01,50,4,1.2050,1.5378
0.01,50,5,1.1641,1.5872
0.01,50,6,1.1228,1.6387
0.01,50,7,1.0811,1.6922
0.01,50,8,1.0392,1.7477
0.01,50,9,0.9972,1.8051
0.01,50,10,0.9550,1.8642
0.01,55,1,1.3556,1.4273
0.01,55,2,1.3199,1.4657
0.01,55,3,1.2835,1.5061
0.01,55,4,1.2467,1.5482
0.01,55,5,1.2094,1.5922
0.01,55,6,1.1717,1.6379
0.01,55,7,1.1336,1.6853
0.01,55,8,1.0953,1.7344
0.01,55,9,1.0567,1.7850
0.01,55,10,1.0180,1.8370
0.01,60,1,1.3829,1.4487
0.01,60,2,1.3501,1.4837
0.01,60,3,1.3167,1.5203
0.01,60,4,1.2828,1.5585
0.01,60,5,1.2486,1.5981
0.01,60,6,1.2139,1.6392
0.01,60,7,1.1789,1.6817
0.01,60,8,1.1436,1.7255
0.01,60,9,1.1081,1.7707
0.01,60,10,1.0724,1.8172
0.01,65,1,1.4071,1.4679
0.01,65,2,1.3767,1.5000
0.01,65,3,1.3458,1.5335
0.01,65,4,1.3146,1.5683
0.01,65,5,1.2829,1.6044
0.01,65,6,1.2508,1.6417
0.01,65,7,1.2185,1.6802
0.01,65,8,1.1858,1.7198
0.01,65,9,1.1529,1.7606
0.01,65,10,1.1198,1.8025
0.01,70,1,1.4287,1.4851
0.01,70,2,1.4004,1.5149
0.01,70,3,1.3717,1.5458
0.01,70,4,1.3426,1.5778
0.01,70,5,1.3132,1.6108
0.01,70,6,1.2834,1.6450
0.01,70,7,1.2533,1.6802
0.01,70,8,1.2230,1.7163
0.01,70,9,1.1924,1.7535
0.01,70,10,1.1616,1.7916
0.01,75,1,1.4481,1.5008
0.01,75,2,1.4217,1.5285
0.01,75,3,1.3949,1.5572
0.01,75,4,1.3677,1.5868
0.01,75,5,1.3402,1.6173
0.01,75,6,1.3124,1.6488
0.01,75,7,1.2843,1.6811
0.01,75,8,1.2560,1.7144
0.01,75,9,1.2274,1.7485
0.01,75,10,1.1986,1.7834
0.01,80,1,1.4657,1.5152
0.01,80,2,1.4409,1.5410
0.01,80,3,1.4157,1.5678
0.01,80,4,1.3903,1.5953
0.01,80,5,1.3645,1.6237
0.01,80,6,1.3384,1.6529
0.01,80,7,1.3121,1.6828
0.01,80,8,1.2855,1.7136
0.01,80,9,1.2587,1.7450
0.01,80,10,1.2317,1.7773
0.01,85,1,1.4817,1.5283
0.01,85,2,1.4584,1.5526
0.01,85,3,1.4347,1.5776
0.01,85,4,1.4107,1.6034
0.01,85,5,1.3864,1.6299
0.01,85,6,1.3619,1.6571
0.01,85,7,1.3371,1.6850
0.01,85,8,1.3121,1.7136
0.01,85,9,1.2869,1.7428
0.01,85,10,1.2615,1.7727
0.01,90,1,1.4964,1.5405
0.01,90,2,1.4743,1.5633
0.01,90,3,1.4520,1.5869
0.01,90,4,1.4293,1.6111
0.01,90,5,1.4064,1.6359
0.01,90,6,1.3832,1.6614
0.01,90,7,1.3599,1.6875
0.01,90,8,1.3363,1.7142
0.01,90,9,1.3124,1.7414
0.01,90,10,1.2884,1.7693
0.01,95,1,1.5100,1.5517
0.01,95,2,1.4890,1.5733
0.01,95,3,1.4678,1.5956
0.01,95,4,1.4464,1.6184
0.01,95,5,1.4247,1.6417
0.01,95,6,1.4027,1.6657
0.01,95,7,1.3806,1.6902
0.01,95,8,1.3582,1.7152
0.01,95,9,1.3357,1.7408
0.01,95,10,1.3130,1.7669
0.01,100,1,1.5225,1.5621
0.01,100,2,1.5026,1.5827
0.01,100,3,1.4824,1.6037
0.01,100,4,1.4620,1.6253
0.01,100,5,1.4414,1.6473
0.01,100,6,1.4206,1.6699
0.01,100,7,1.3996,1.6930
0.01,100,8,1.3784,1.7166
0.01,100,9,1.3570,1.7407
0.01,100,10,1.3354,1.7652
0.01,150,1,1.6110,1.6375
0.01,150,2,1.5976,1.6510
0.01,150,3,1.5842,1.6648
0.01,150,4,1.5706,1.6788
0.01,150,5,1.5570,1.6930
0.01,150,6,1.5432,1.7074
0.01,150,7,1.5293,1.7220
0.01,150,8,1.5153,1.7369
0.01,150,9,1.5012,1.7519
0.01,150,10,1.4870,1.7672
0.01,161,1,1.6247,1.6494
0.01,161,2,1.6122,1.6620
0.01,161,3,1.5997,1.6747
0.01,161,4,1.5871,1.6877
0.01,161,5,1.5744,1.7009
0.01,161,6,1.5615,1.7143
0.01,161,7,1.5486,1.7278
0.01,161,8,1.5356,1.7415
0.01,161,9,1.5225,1.7555
0.01,161,10,1.5093,1.7696
0.01,163,1,1.6270,1.6514
0.01,163,2,1.6147,1.6638
0.01,163,3,1.6024,1.6765
0.01,163,4,1.5899,1.6893
0.01,163,5,1.5773,1.7023
0.01,163,6,1.5647,1.7155
0.01,163,7,1.5519,1.7288
0.01,163,8,1.5390,1.7424
0.01,163,9,1.5261,1.7561
0.01,163,10,1.5130,1.7700
0.01,187,1,1.6521,1.6733
0.01,187,2,1.6414,1.6842
0.01,187,3,1.6306,1.6951
0.01,187,4,1.6197,1.7062
0.01,187,5,1.6088,1.7175
0.01,187,6,1.5978,1.7288
0.01,187,7,1.5867,1.7404
0.01,187,8,1.5755,1.7520
0.01,187,9,1.5643,1.7638
0.01,187,10,1.5530,1.7757
0.01,199,1,1.6629,1.6829
0.01,199,2,1.6528,1.6930
0.01,199,3,1.6427,1.7033
0.01,199,4,1.6325,1.7137
0.01,199,5,1.6222,1.7242
0.01,199,6,1.6119,1.7349
0.01,199,7,1.6015,1.7457
0.01,199,8,1.5910,1.7565
0.01,199,9,1.5805,1.7676
0.01,199,10,1.5699,1.7787
0.01,200,1,1.6637,1.6836
0.01,200,2,1.6537,1.6937
0.01,200,3,1.6436,1.7040
0.01,200,4,1.6335,1.7143
0.01,200,5,1.6233,1.7248
0.01,200,6,1.6130,1.7354
0.01,200,7,1.6026,1.7461
0.01,200,8,1.5922,1.7569
0.01,200,9,1.5817,1.7679
0.01,200,10,1.5712,1.7789
0.01,250,1,1.6997,1.7156
0.01,250,2,1.6917,1.7237
0.01,250,3,1.6836,1.7318
0.01,250,4,1.6755,1.7400
0.01,250,5,1.6674,1.7483
0.01,250,6,1.6592,1.7567
0.01,250,7,1.6509,1.7651
0.01,250,8,1.6426,1.7737
0.01,250,9,1.6343,1.7823
0.01,250,10,1.6259,1.7909
0.01,300,1,1.7262,1.7395
0.01,300,2,1.7195,1.7462
0.01,300,3,1.7128,1.7529
0.01,300,4,1.7061,1.7598
0.01,300,5,1.6993,1.7666
0.01,300,6,1.6925,1.7735
0.01,300,7,1.6856,1.7805
0.01,300,8,1.6788,1.7875
0.01,300,9,1.6719,1.7946
0.01,300,10,1.6649,1.8017
0.01,400,1,1.7633,1.7733
0.01,400,2,1.7583,1.7783
0.01,400,3,1.7533,1.7834
0.01,400,4,1.7482,1.7884
0.01,400,5,1.7432,1.7936
0.01,400,6,1.7381,1.7987
0.01,400,7,1.7330,1.8039
0.01,400,8,1.7279,1.8091
0.01,400,9,1.7227,1.8143
0.01,400,10,1.7176,1.8195
0.01,490,1,1.7864,1.7946
0.01,490,2,1.7823,1.7987
0.01,490,3,1.7782,1.8028
0.01,490,4,1.7741,1.8069
0.01,490,5,1.7700,1.8111
0.01,490,6,1.7659,1.8152
0.01,490,7,1.7617,1.8194
0.01,490,8,1.7575,1.8236
0.01,490,9,1.7534,1.8279
0.01,490,10,1.7492,1.8321
0.01,500,1,1.7886,1.7966
0.01,500,2,1.7846,1.8006
0.01,500,3,1.7806,1.8046
0.01,500,4,1.7766,1.8087
0.01,500,5,1.7725,1.8128
0.01,500,6,1.7685,1.8168
0.01,500,7,1.7644,1.8209
0.01,500,8,1.7603,1.8251
0.01,500,9,1.7562,1.8292
0.01,500,10,1.7521,1.8334
0.01,750,1,1.8278,1.8331
0.01,750,2,1.8251,1.8358
0.01,750,3,1.8225,1.8385
0.01,750,4,1.8198,1.8412
0.01,750,5,1.8171,1.8439
0.01,750,6,1.8144,1.8466
0.01,750,7,1.8117,1.8493
0.01,750,8,1.8090,1.8520
0.01,750,9,1.8063,1.8547
0.01,750,10,1.8036,1.8575
0.01,1000,1,1.8511,1.8551
0.01,1000,2,1.8491,1.8571
0.01,1000,3,1.8471,1.8591
0.01,1000,4,1.8451,1.8611
0.01,1000,5,1.8431,1.8631
0.01,1000,6,1.8411,1.8652
0.01,1000,7,1.8390,1.8672
0.01,1000,8,1.8370,1.8692
0.01,1000,9,1.8350,1.8713
0.01,1000,10,1.8330,1.8733
